"Karim","sldkjflskdjf jsfsjf", "345435","smk@gmail.com",
"Rahman","sldkjflskdjf jsfsjf", "345435","smk@gmail.com",
"Abul","sldkjflskdjf jsfsjf", "345435","smk@gmail.com",
"Motin","sldkjflskdjf jsfsjf", "345435","smk@gmail.com",
"Motin","sldkjflskdjf jsfsjf", "345435","smk@gmail.com",
"Karim","sldkjflskdjf jsfsjf", "345435","smk@gmail.com",
"Rahim","sldkjflskdjf jsfsjf", "345435","smk@gmail.com",
"Rahman","sldkjflskdjf jsfsjf", "345435, 34234234,23 234234","smk@gmail.com",
"Robi","sldkjflskdjf jsfsjf", "345435","smk@gmail.com",
"Pobon","sldkjflskdjf jsfsjf", "345435","smk@gmail.com",
"Pobon","sldkjflskdjf jsfsjf", "345435","smk@gmail.com",
"Pobon","sldkjflskdjf jsfsjf", "345435","smk@gmail.com",
"Zaman","sldkjflskdjf jsfsjf", "345435","smk@gmail.com",
"Zaman","sldkjflskdjf jsfsjf", "345435","smk@gmail.com",
"Rahim","sldkjflskdjf jsfsjf", "345435","smk@gmail.com",
"Bob","sldkjflskdjf jsfsjf", "345435","smk@gmail.com",
"John","sldkjflskdjf jsfsjf", "345435","smk@gmail.com",
"Sujon","sldkjflskdjf jsfsjf", "345435","smk@gmail.com",
"Rinku","sldkjflskdjf jsfsjf", "345435","smk@gmail.com",
"Lablu","sldkjflskdjf jsfsjf", "345435","smk@gmail.com",
"Salam","sldkjflskdjf jsfsjf", "345435","smk@gmail.com",
"Salam","sldkjflskdjf jsfsjf", "345435","smk@gmail.com",
"John","sldkjflskdjf jsfsjf", "345435","smk@gmail.com",
"Bob","sldkjflskdjf jsfsjf", "345435","smk@gmail.com",
"Lucy","sldkjflskdjf jsfsjf", "345435","smk@gmail.com",
